pits,heuristics,c,iterations,seed,num_games,policy,type_system,sts_size,domain, max_alg, num_of_games,max_time,avg_score
10,1,10,100000,0,1000,1,2,1000,5,BFB,1000,0.301875,33.641305
10,1,10,100000,0,1000,1,2,100,5,BFB,1000,0.285479,35.74646
10,1,10,100000,0,1000,1,2,5000,5,BFB,1000,0.316979,32.405848
10,1,10,100000,0,1000,1,2,500,5,BFB,1000,0.297802,34.814609
10,1,10,100000,0,1000,1,2,700,5,BFB,1000,0.298843,34.374591
10,1,10,100000,0,1000,2,2,1000,5,BFB,1000,0.304701,33.684678
10,1,10,100000,0,1000,2,2,100,5,BFB,1000,0.286102,35.794963
10,1,10,100000,0,1000,2,2,5000,5,BFB,1000,0.318939,32.55609
10,1,10,100000,0,1000,2,2,500,5,BFB,1000,0.297911,34.552051
10,1,10,100000,0,1000,2,2,700,5,BFB,1000,0.299656,34.362723
10,1,10,100000,0,1000,3,2,1000,5,BFB,1000,0.300878,33.58631
10,1,10,100000,0,1000,3,2,100,5,BFB,1000,0.280347,35.900124
10,1,10,100000,0,1000,3,2,5000,5,BFB,1000,0.317633,32.594782
10,1,10,100000,0,1000,3,2,500,5,BFB,1000,0.293381,34.715901
10,1,10,100000,0,1000,3,2,700,5,BFB,1000,0.294924,34.110919
10,1,10,10000,0,1000,1,2,1000,5,BFB,1000,0.027699,33.675609
10,1,10,10000,0,1000,1,2,100,5,BFB,1000,0.027616,35.73033
10,1,10,10000,0,1000,1,2,5000,5,BFB,1000,0.025721,32.572309
10,1,10,10000,0,1000,1,2,500,5,BFB,1000,0.029664,34.631433
10,1,10,10000,0,1000,1,2,700,5,BFB,1000,0.028483,34.148461
10,1,10,10000,0,1000,2,2,1000,5,BFB,1000,0.028533,33.734295
10,1,10,10000,0,1000,2,2,100,5,BFB,1000,0.028273,35.78545
10,1,10,10000,0,1000,2,2,5000,5,BFB,1000,0.027202,32.551894
10,1,10,10000,0,1000,2,2,500,5,BFB,1000,0.028681,34.566245
10,1,10,10000,0,1000,2,2,700,5,BFB,1000,0.028499,34.2029
10,1,10,10000,0,1000,3,2,1000,5,BFB,1000,0.028779,33.486977
10,1,10,10000,0,1000,3,2,100,5,BFB,1000,0.028185,35.934982
10,1,10,10000,0,1000,3,2,500,5,BFB,1000,0.028039,34.588517
10,1,10,10000,0,1000,3,2,700,5,BFB,1000,0.033997,34.264461
10,1,10,1000,0,1000,1,2,1000,5,BFB,1000,0.00192,34.868081
10,1,10,1000,0,1000,1,2,100,5,BFB,1000,0.002116,35.951098
10,1,10,1000,0,1000,1,2,5000,5,BFB,1000,0.001896,34.868081
10,1,10,1000,0,1000,1,2,500,5,BFB,1000,0.001913,35.079801
10,1,10,1000,0,1000,1,2,700,5,BFB,1000,0.001923,34.799107
10,1,10,1000,0,1000,2,2,1000,5,BFB,1000,0.001903,34.868081
10,1,10,1000,0,1000,2,2,100,5,BFB,1000,0.004649,35.97462
10,1,10,1000,0,1000,2,2,5000,5,BFB,1000,0.001913,34.868081
10,1,10,1000,0,1000,2,2,500,5,BFB,1000,0.00191,34.911451
10,1,10,1000,0,1000,2,2,700,5,BFB,1000,0.001923,34.953848
10,1,10,1000,0,1000,3,2,1000,5,BFB,1000,0.001965,34.868081
10,1,10,1000,0,1000,3,2,100,5,BFB,1000,0.002145,35.915124
10,1,10,1000,0,1000,3,2,5000,5,BFB,1000,0.0019,34.868081
10,1,10,1000,0,1000,3,2,500,5,BFB,1000,0.00193,34.93765
10,1,10,1000,0,1000,3,2,700,5,BFB,1000,0.001912,35.063721
10,1,10,15000,0,1000,1,2,1000,5,BFB,1000,0.043203,33.715413
10,1,10,15000,0,1000,1,2,100,5,BFB,1000,0.042009,35.866958
10,1,10,15000,0,1000,1,2,5000,5,BFB,1000,0.040468,32.494759
10,1,10,15000,0,1000,1,2,500,5,BFB,1000,0.043064,34.44908
10,1,10,15000,0,1000,1,2,700,5,BFB,1000,0.043404,34.321343
10,1,10,15000,0,1000,2,2,1000,5,BFB,1000,0.044259,33.763459
10,1,10,15000,0,1000,2,2,100,5,BFB,1000,0.042841,35.789134
10,1,10,15000,0,1000,2,2,5000,5,BFB,1000,0.040838,32.664233
10,1,10,15000,0,1000,2,2,500,5,BFB,1000,0.045034,34.559195
10,1,10,15000,0,1000,2,2,700,5,BFB,1000,0.044439,33.948226
10,1,10,15000,0,1000,3,2,1000,5,BFB,1000,0.043902,33.744802
10,1,10,15000,0,1000,3,2,100,5,BFB,1000,0.041885,35.751029
10,1,10,15000,0,1000,3,2,5000,5,BFB,1000,0.040775,32.555255
10,1,10,15000,0,1000,3,2,500,5,BFB,1000,0.044852,34.589016
10,1,10,15000,0,1000,3,2,700,5,BFB,1000,0.04347,34.166603
10,1,10,25000,0,1000,1,2,1000,5,BFB,1000,0.074202,33.629329
10,1,10,25000,0,1000,1,2,100,5,BFB,1000,0.070514,36.036862
10,1,10,25000,0,1000,1,2,5000,5,BFB,1000,0.073752,32.630848
10,1,10,25000,0,1000,1,2,500,5,BFB,1000,0.072793,34.574801
10,1,10,25000,0,1000,1,2,700,5,BFB,1000,0.073446,34.107498
10,1,10,25000,0,1000,2,2,1000,5,BFB,1000,0.075409,33.731802
10,1,10,25000,0,1000,2,2,100,5,BFB,1000,0.072067,35.955213
10,1,10,25000,0,1000,2,2,5000,5,BFB,1000,0.07418,32.573794
10,1,10,25000,0,1000,2,2,500,5,BFB,1000,0.075394,34.329441
10,1,10,25000,0,1000,2,2,700,5,BFB,1000,0.078309,34.148804
10,1,10,25000,0,1000,3,2,1000,5,BFB,1000,0.074706,33.719151
10,1,10,25000,0,1000,3,2,100,5,BFB,1000,0.071315,35.714661
10,1,10,25000,0,1000,3,2,5000,5,BFB,1000,0.073507,32.551007
10,1,10,25000,0,1000,3,2,500,5,BFB,1000,0.07364,34.369631
10,1,10,25000,0,1000,3,2,700,5,BFB,1000,0.073144,34.099626
10,1,10,50000,0,1000,1,2,1000,5,BFB,1000,0.150031,33.543224
10,1,10,50000,0,1000,1,2,100,5,BFB,1000,0.145108,35.92399
10,1,10,50000,0,1000,1,2,5000,5,BFB,1000,0.155061,32.486446
10,1,10,50000,0,1000,1,2,500,5,BFB,1000,0.147527,34.66121
10,1,10,50000,0,1000,1,2,700,5,BFB,1000,0.148321,34.406284
10,1,10,50000,0,1000,2,2,1000,5,BFB,1000,0.152303,33.718442
10,1,10,50000,0,1000,2,2,100,5,BFB,1000,0.143793,35.947235
10,1,10,50000,0,1000,2,2,5000,5,BFB,1000,0.159006,32.469735
10,1,10,50000,0,1000,2,2,500,5,BFB,1000,0.148945,34.627997
10,1,10,50000,0,1000,3,2,1000,5,BFB,1000,0.150026,33.684464
10,1,10,50000,0,1000,3,2,100,5,BFB,1000,0.140693,35.918024
10,1,10,50000,0,1000,3,2,5000,5,BFB,1000,0.155355,32.47812
10,1,10,50000,0,1000,3,2,500,5,BFB,1000,0.150614,34.607886
10,1,10,50000,0,1000,3,2,700,5,BFB,1000,0.147682,34.163277
10,1,10,5000,0,1000,1,2,1000,5,BFB,1000,0.012224,33.777844
10,1,10,5000,0,1000,1,2,100,5,BFB,1000,0.013561,35.974112
10,1,10,5000,0,1000,1,2,5000,5,BFB,1000,0.011548,33.269019
10,1,10,5000,0,1000,1,2,500,5,BFB,1000,0.012729,34.527044
10,1,10,5000,0,1000,1,2,700,5,BFB,1000,0.01252,34.217005
10,1,10,5000,0,1000,2,2,1000,5,BFB,1000,0.013222,33.622423
10,1,10,5000,0,1000,2,2,100,5,BFB,1000,0.014128,35.926063
10,1,10,5000,0,1000,2,2,5000,5,BFB,1000,0.011524,33.269019
10,1,10,5000,0,1000,2,2,500,5,BFB,1000,0.01318,34.823546
10,1,10,5000,0,1000,2,2,700,5,BFB,1000,0.01281,34.126692
10,1,10,5000,0,1000,3,2,1000,5,BFB,1000,0.01268,33.735194
10,1,10,5000,0,1000,3,2,100,5,BFB,1000,0.013677,35.899244
10,1,10,5000,0,1000,3,2,5000,5,BFB,1000,0.011729,33.269019
10,1,10,5000,0,1000,3,2,500,5,BFB,1000,0.012931,34.733708
10,1,10,5000,0,1000,3,2,700,5,BFB,1000,0.012634,34.095407
10,1,10,75000,0,1000,1,2,1000,5,BFB,1000,0.22871,33.478395
10,1,10,75000,0,1000,1,2,100,5,BFB,1000,0.213776,35.936213
10,1,10,75000,0,1000,1,2,5000,5,BFB,1000,0.23642,32.565255
10,1,10,75000,0,1000,1,2,500,5,BFB,1000,0.221658,34.726389
10,1,10,75000,0,1000,1,2,700,5,BFB,1000,0.223819,34.21704
10,1,10,75000,0,1000,2,2,1000,5,BFB,1000,0.228334,33.616268
10,1,10,75000,0,1000,2,2,100,5,BFB,1000,0.21449,36.009058
10,1,10,75000,0,1000,2,2,5000,5,BFB,1000,0.238943,32.59222
10,1,10,75000,0,1000,2,2,500,5,BFB,1000,0.22408,34.598771
10,1,10,75000,0,1000,2,2,700,5,BFB,1000,0.227363,34.262755
10,1,10,75000,0,1000,3,2,1000,5,BFB,1000,0.225492,33.70182
10,1,10,75000,0,1000,3,2,100,5,BFB,1000,0.210579,35.843124
10,1,10,75000,0,1000,3,2,5000,5,BFB,1000,0.236292,32.503517
10,1,10,75000,0,1000,3,2,500,5,BFB,1000,0.21944,34.595607
10,1,10,75000,0,1000,3,2,700,5,BFB,1000,0.221629,34.173101
10,1,15,100000,0,1000,1,2,1000,5,BFB,1000,0.298351,34.290265
10,1,15,100000,0,1000,1,2,100,5,BFB,1000,0.284508,36.607861
10,1,15,100000,0,1000,1,2,5000,5,BFB,1000,0.311238,33.212845
10,1,15,100000,0,1000,1,2,500,5,BFB,1000,0.297258,35.476313
10,1,15,100000,0,1000,1,2,700,5,BFB,1000,0.297118,34.972535
10,1,15,100000,0,1000,2,2,1000,5,BFB,1000,0.297852,34.297893
10,1,15,100000,0,1000,2,2,100,5,BFB,1000,0.286653,36.680868
10,1,15,100000,0,1000,2,2,5000,5,BFB,1000,0.320359,33.383944
10,1,15,100000,0,1000,2,2,500,5,BFB,1000,0.299591,35.278017
10,1,15,100000,0,1000,2,2,700,5,BFB,1000,0.29878,34.83724
10,1,15,100000,0,1000,3,2,1000,5,BFB,1000,0.293286,34.152361
10,1,15,100000,0,1000,3,2,100,5,BFB,1000,0.280711,36.559974
10,1,15,100000,0,1000,3,2,5000,5,BFB,1000,0.310528,33.281524
10,1,15,100000,0,1000,3,2,500,5,BFB,1000,0.293339,35.513237
10,1,15,100000,0,1000,3,2,700,5,BFB,1000,0.295881,35.0025
10,1,15,10000,0,1000,1,2,1000,5,BFB,1000,0.026469,34.282946
10,1,15,10000,0,1000,1,2,100,5,BFB,1000,0.028427,36.629344
10,1,15,10000,0,1000,1,2,5000,5,BFB,1000,0.024596,33.631363
10,1,15,10000,0,1000,1,2,500,5,BFB,1000,0.027518,35.546956
10,1,15,10000,0,1000,1,2,700,5,BFB,1000,0.02719,35.046327
10,1,15,10000,0,1000,2,2,1000,5,BFB,1000,0.027129,34.313681
10,1,15,10000,0,1000,2,2,100,5,BFB,1000,0.028743,36.340275
10,1,15,10000,0,1000,2,2,5000,5,BFB,1000,0.024798,33.372255
10,1,15,10000,0,1000,2,2,500,5,BFB,1000,0.028566,35.463696
10,1,15,10000,0,1000,2,2,700,5,BFB,1000,0.02791,34.92551
10,1,15,10000,0,1000,3,2,1000,5,BFB,1000,0.027494,34.205275
10,1,15,10000,0,1000,3,2,100,5,BFB,1000,0.028717,36.495295
10,1,15,10000,0,1000,3,2,5000,5,BFB,1000,0.024451,33.52651
10,1,15,10000,0,1000,3,2,500,5,BFB,1000,0.028608,35.491426
10,1,15,10000,0,1000,3,2,700,5,BFB,1000,0.027309,35.092245
10,1,15,1000,0,1000,1,2,1000,5,BFB,1000,0.001858,35.608183
10,1,15,1000,0,1000,1,2,100,5,BFB,1000,0.002001,36.618084
10,1,15,1000,0,1000,1,2,5000,5,BFB,1000,0.001858,35.608183
10,1,15,1000,0,1000,1,2,500,5,BFB,1000,0.001883,35.710587
10,1,15,1000,0,1000,1,2,700,5,BFB,1000,0.001881,35.695558
10,1,15,1000,0,1000,2,2,1000,5,BFB,1000,0.001915,35.608183
10,1,15,1000,0,1000,2,2,100,5,BFB,1000,0.002043,36.569118
10,1,15,1000,0,1000,2,2,5000,5,BFB,1000,0.001873,35.608183
10,1,15,1000,0,1000,2,2,500,5,BFB,1000,0.00189,35.530149
10,1,15,1000,0,1000,2,2,700,5,BFB,1000,0.001868,35.3961
10,1,15,1000,0,1000,3,2,1000,5,BFB,1000,0.00186,35.608183
10,1,15,1000,0,1000,3,2,100,5,BFB,1000,0.002034,36.730773
10,1,15,1000,0,1000,3,2,5000,5,BFB,1000,0.001859,35.608183
10,1,15,1000,0,1000,3,2,500,5,BFB,1000,0.001869,35.508977
10,1,15,1000,0,1000,3,2,700,5,BFB,1000,0.001902,35.406514
10,1,15,15000,0,1000,1,2,1000,5,BFB,1000,0.041869,34.438491
10,1,15,15000,0,1000,1,2,100,5,BFB,1000,0.043771,36.811251
10,1,15,15000,0,1000,1,2,5000,5,BFB,1000,0.03891,33.337767
10,1,15,15000,0,1000,1,2,500,5,BFB,1000,0.043272,35.616218
10,1,15,15000,0,1000,1,2,700,5,BFB,1000,0.042717,35.025226
10,1,15,15000,0,1000,2,2,1000,5,BFB,1000,0.042911,34.277763
10,1,15,15000,0,1000,2,2,100,5,BFB,1000,0.045362,36.641827
10,1,15,15000,0,1000,2,2,5000,5,BFB,1000,0.0394,33.264904
10,1,15,15000,0,1000,2,2,500,5,BFB,1000,0.04432,35.434129
10,1,15,15000,0,1000,2,2,700,5,BFB,1000,0.04345,34.822047
10,1,15,15000,0,1000,3,2,1000,5,BFB,1000,0.042076,34.368785
10,1,15,15000,0,1000,3,2,100,5,BFB,1000,0.041882,36.484305
10,1,15,15000,0,1000,3,2,5000,5,BFB,1000,0.040867,33.349921
10,1,15,15000,0,1000,3,2,500,5,BFB,1000,0.042662,35.540274
10,1,15,15000,0,1000,3,2,700,5,BFB,1000,0.04249,35.178415
10,1,15,25000,0,1000,1,2,1000,5,BFB,1000,0.072168,34.271995
10,1,15,25000,0,1000,1,2,100,5,BFB,1000,0.070697,36.779476
10,1,15,25000,0,1000,1,2,5000,5,BFB,1000,0.070627,33.231553
10,1,15,25000,0,1000,1,2,500,5,BFB,1000,0.07385,35.46061
10,1,15,25000,0,1000,1,2,700,5,BFB,1000,0.072495,34.888304
10,1,15,25000,0,1000,2,2,1000,5,BFB,1000,0.07378,34.322875
10,1,15,25000,0,1000,2,2,100,5,BFB,1000,0.072912,36.626962
10,1,15,25000,0,1000,2,2,5000,5,BFB,1000,0.07142,33.24184
10,1,15,25000,0,1000,2,2,500,5,BFB,1000,0.077913,35.63797
10,1,15,25000,0,1000,2,2,700,5,BFB,1000,0.073918,35.02566
10,1,15,25000,0,1000,3,2,1000,5,BFB,1000,0.072606,34.309969
10,1,15,25000,0,1000,3,2,100,5,BFB,1000,0.070301,36.616984
10,1,15,25000,0,1000,3,2,5000,5,BFB,1000,0.072497,33.302188
10,1,15,25000,0,1000,3,2,500,5,BFB,1000,0.073741,35.586715
10,1,15,25000,0,1000,3,2,700,5,BFB,1000,0.072266,35.03679
10,1,15,50000,0,1000,1,2,1000,5,BFB,1000,0.148233,34.086917
10,1,15,50000,0,1000,1,2,100,5,BFB,1000,0.141691,36.666532
10,1,15,50000,0,1000,1,2,5000,5,BFB,1000,0.153222,33.436821
10,1,15,50000,0,1000,1,2,500,5,BFB,1000,0.147799,35.647068
10,1,15,50000,0,1000,1,2,700,5,BFB,1000,0.149012,34.778996
10,1,15,50000,0,1000,2,2,1000,5,BFB,1000,0.150391,34.167856
10,1,15,50000,0,1000,2,2,100,5,BFB,1000,0.147221,36.39366
10,1,15,50000,0,1000,2,2,5000,5,BFB,1000,0.154791,33.293372
10,1,15,50000,0,1000,2,2,500,5,BFB,1000,0.152183,35.144933
10,1,15,50000,0,1000,2,2,700,5,BFB,1000,0.15208,35.052665
10,1,15,50000,0,1000,3,2,1000,5,BFB,1000,0.146444,34.363334
10,1,15,50000,0,1000,3,2,100,5,BFB,1000,0.140865,36.38942
10,1,15,50000,0,1000,3,2,5000,5,BFB,1000,0.153066,33.267804
10,1,15,50000,0,1000,3,2,500,5,BFB,1000,0.146409,35.46971
10,1,15,50000,0,1000,3,2,700,5,BFB,1000,0.146737,34.889439
10,1,15,5000,0,1000,1,2,1000,5,BFB,1000,0.011825,34.335811
10,1,15,5000,0,1000,1,2,100,5,BFB,1000,0.013474,36.266844
10,1,15,5000,0,1000,1,2,5000,5,BFB,1000,0.011251,33.631929
10,1,15,5000,0,1000,1,2,500,5,BFB,1000,0.012511,35.530296
10,1,15,5000,0,1000,1,2,700,5,BFB,1000,0.01223,35.263978
10,1,15,5000,0,1000,2,2,1000,5,BFB,1000,0.0121,34.348988
10,1,15,5000,0,1000,2,2,100,5,BFB,1000,0.013871,36.26782
10,1,15,5000,0,1000,2,2,5000,5,BFB,1000,0.011495,33.631929
10,1,15,5000,0,1000,2,2,500,5,BFB,1000,0.01244,35.602549
10,1,15,5000,0,1000,2,2,700,5,BFB,1000,0.012151,34.88837
10,1,15,5000,0,1000,3,2,1000,5,BFB,1000,0.011832,34.388424
10,1,15,5000,0,1000,3,2,100,5,BFB,1000,0.013581,36.612736
10,1,15,5000,0,1000,3,2,5000,5,BFB,1000,0.011225,33.631929
10,1,15,5000,0,1000,3,2,500,5,BFB,1000,0.012292,35.4401
10,1,15,5000,0,1000,3,2,700,5,BFB,1000,0.012188,35.07753
10,1,15,75000,0,1000,1,2,1000,5,BFB,1000,0.224356,34.270714
10,1,15,75000,0,1000,1,2,100,5,BFB,1000,0.219322,36.58479
10,1,15,75000,0,1000,1,2,5000,5,BFB,1000,0.232397,33.301005
10,1,15,75000,0,1000,1,2,500,5,BFB,1000,0.221651,35.512847
10,1,15,75000,0,1000,1,2,700,5,BFB,1000,0.225507,34.973349
10,1,15,75000,0,1000,2,2,1000,5,BFB,1000,0.224321,34.09417
10,1,15,75000,0,1000,2,2,100,5,BFB,1000,0.216437,36.559099
10,1,15,75000,0,1000,2,2,5000,5,BFB,1000,0.234986,33.307814
10,1,15,75000,0,1000,2,2,500,5,BFB,1000,0.224005,35.359026
10,1,15,75000,0,1000,2,2,700,5,BFB,1000,0.224644,34.88489
10,1,15,75000,0,1000,3,2,1000,5,BFB,1000,0.219836,34.15178
10,1,15,75000,0,1000,3,2,5000,5,BFB,1000,0.230944,33.227426
10,1,15,75000,0,1000,3,2,500,5,BFB,1000,0.220467,35.533762
10,1,15,75000,0,1000,3,2,700,5,BFB,1000,0.222059,35.117807
10,1,5,100000,0,1000,1,2,1000,5,BFB,1000,0.309154,33.36163
10,1,5,100000,0,1000,1,2,100,5,BFB,1000,0.297315,35.749011
10,1,5,100000,0,1000,1,2,5000,5,BFB,1000,0.319888,32.346987
10,1,5,100000,0,1000,1,2,500,5,BFB,1000,0.316612,34.123235
10,1,5,100000,0,1000,1,2,700,5,BFB,1000,0.657838,33.648168
10,1,5,100000,0,1000,2,2,1000,5,BFB,1000,0.308429,33.493811
10,1,5,100000,0,1000,2,2,5000,5,BFB,1000,0.327956,32.275886
10,1,5,100000,0,1000,2,2,500,5,BFB,1000,0.307144,34.132524
10,1,5,100000,0,1000,2,2,700,5,BFB,1000,0.310522,33.653411
10,1,5,100000,0,1000,3,2,1000,5,BFB,1000,0.306156,33.427419
10,1,5,100000,0,1000,3,2,100,5,BFB,1000,0.287527,35.793562
10,1,5,100000,0,1000,3,2,5000,5,BFB,1000,0.318562,32.347945
10,1,5,100000,0,1000,3,2,500,5,BFB,1000,0.309181,34.17472
10,1,5,100000,0,1000,3,2,700,5,BFB,1000,0.306572,33.695153
10,1,5,10000,0,1000,1,2,1000,5,BFB,1000,0.028754,33.428784
10,1,5,10000,0,1000,1,2,100,5,BFB,1000,0.029813,35.894928
10,1,5,10000,0,1000,1,2,5000,5,BFB,1000,0.027242,32.384661
10,1,5,10000,0,1000,1,2,500,5,BFB,1000,0.029544,34.018845
10,1,5,10000,0,1000,1,2,700,5,BFB,1000,0.029156,33.71521
10,1,5,10000,0,1000,2,2,1000,5,BFB,1000,0.029477,33.35711
10,1,5,10000,0,1000,2,2,100,5,BFB,1000,0.029516,36.010401
10,1,5,10000,0,1000,2,2,5000,5,BFB,1000,0.027311,32.327786
10,1,5,10000,0,1000,2,2,500,5,BFB,1000,0.030384,34.010909
10,1,5,10000,0,1000,2,2,700,5,BFB,1000,0.030081,33.718974
10,1,5,10000,0,1000,3,2,1000,5,BFB,1000,0.028929,33.180868
10,1,5,10000,0,1000,3,2,100,5,BFB,1000,0.029219,35.713886
10,1,5,10000,0,1000,3,2,5000,5,BFB,1000,0.027522,32.315259
10,1,5,10000,0,1000,3,2,500,5,BFB,1000,0.029693,34.131375
10,1,5,10000,0,1000,3,2,700,5,BFB,1000,0.030619,33.762594
10,1,5,1000,0,1000,1,2,1000,5,BFB,1000,0.002037,34.140517
10,1,5,1000,0,1000,1,2,100,5,BFB,1000,0.002328,35.714567
10,1,5,1000,0,1000,1,2,5000,5,BFB,1000,0.002002,34.140517
10,1,5,1000,0,1000,1,2,500,5,BFB,1000,0.00206,34.237588
10,1,5,1000,0,1000,1,2,700,5,BFB,1000,0.002037,34.179294
10,1,5,1000,0,1000,2,2,1000,5,BFB,1000,0.00201,34.140517
10,1,5,1000,0,1000,2,2,100,5,BFB,1000,0.002389,35.895023
10,1,5,1000,0,1000,2,2,5000,5,BFB,1000,0.002021,34.140517
10,1,5,1000,0,1000,2,2,500,5,BFB,1000,0.002065,34.143498
10,1,5,1000,0,1000,2,2,700,5,BFB,1000,0.002039,34.069382
10,1,5,1000,0,1000,3,2,1000,5,BFB,1000,0.002074,34.140517
10,1,5,1000,0,1000,3,2,100,5,BFB,1000,0.002357,35.858846
10,1,5,1000,0,1000,3,2,5000,5,BFB,1000,0.002004,34.140517
10,1,5,1000,0,1000,3,2,500,5,BFB,1000,0.002054,34.04724
10,1,5,1000,0,1000,3,2,700,5,BFB,1000,0.00205,34.255152
10,1,5,15000,0,1000,1,2,1000,5,BFB,1000,0.045482,33.533812
10,1,5,15000,0,1000,1,2,100,5,BFB,1000,0.043886,35.815938
10,1,5,15000,0,1000,1,2,5000,5,BFB,1000,0.043327,32.393857
10,1,5,15000,0,1000,1,2,500,5,BFB,1000,0.046707,34.232002
10,1,5,15000,0,1000,1,2,700,5,BFB,1000,0.044671,33.777268
10,1,5,15000,0,1000,2,2,1000,5,BFB,1000,0.046774,33.483779
10,1,5,15000,0,1000,2,2,100,5,BFB,1000,0.044396,35.740319
10,1,5,15000,0,1000,2,2,5000,5,BFB,1000,0.043692,32.343874
10,1,5,15000,0,1000,2,2,500,5,BFB,1000,0.098501,34.204238
10,1,5,15000,0,1000,2,2,700,5,BFB,1000,0.04558,33.761856
10,1,5,15000,0,1000,3,2,1000,5,BFB,1000,0.046658,33.595316
10,1,5,15000,0,1000,3,2,100,5,BFB,1000,0.043773,35.816511
10,1,5,15000,0,1000,3,2,5000,5,BFB,1000,0.043735,32.410874
10,1,5,15000,0,1000,3,2,500,5,BFB,1000,0.045387,34.181855
10,1,5,15000,0,1000,3,2,700,5,BFB,1000,0.044749,33.729861
10,1,5,25000,0,1000,1,2,1000,5,BFB,1000,0.077506,33.258598
10,1,5,25000,0,1000,1,2,100,5,BFB,1000,0.073753,35.852999
10,1,5,25000,0,1000,1,2,5000,5,BFB,1000,0.076735,32.339614
10,1,5,25000,0,1000,1,2,500,5,BFB,1000,0.07998,34.087245
10,1,5,25000,0,1000,1,2,700,5,BFB,1000,0.075903,33.687376
10,1,5,25000,0,1000,2,2,1000,5,BFB,1000,0.076339,33.379524
10,1,5,25000,0,1000,2,2,100,5,BFB,1000,0.075738,35.72356
10,1,5,25000,0,1000,2,2,5000,5,BFB,1000,0.077051,32.390502
10,1,5,25000,0,1000,2,2,500,5,BFB,1000,0.079832,34.1516
10,1,5,25000,0,1000,2,2,700,5,BFB,1000,0.077235,33.710268
10,1,5,25000,0,1000,3,2,1000,5,BFB,1000,0.075235,33.500662
10,1,5,25000,0,1000,3,2,100,5,BFB,1000,0.073146,35.993258
10,1,5,25000,0,1000,3,2,5000,5,BFB,1000,0.076736,32.28249
10,1,5,25000,0,1000,3,2,500,5,BFB,1000,0.076869,34.129157
10,1,5,25000,0,1000,3,2,700,5,BFB,1000,0.076129,33.677423
10,1,5,50000,0,1000,1,2,1000,5,BFB,1000,0.153429,33.364649
10,1,5,50000,0,1000,1,2,100,5,BFB,1000,0.145712,35.429285
10,1,5,50000,0,1000,1,2,5000,5,BFB,1000,0.160214,32.402205
10,1,5,50000,0,1000,1,2,500,5,BFB,1000,0.336043,34.184897
10,1,5,50000,0,1000,1,2,700,5,BFB,1000,0.153994,33.777376
10,1,5,50000,0,1000,2,2,1000,5,BFB,1000,0.154266,33.10336
10,1,5,50000,0,1000,2,2,100,5,BFB,1000,0.148131,35.693839
10,1,5,50000,0,1000,2,2,5000,5,BFB,1000,0.159179,32.376384
10,1,5,50000,0,1000,2,2,500,5,BFB,1000,0.158039,33.862642
10,1,5,50000,0,1000,2,2,700,5,BFB,1000,0.158009,33.74621
10,1,5,50000,0,1000,3,2,1000,5,BFB,1000,0.152436,33.446164
10,1,5,50000,0,1000,3,2,100,5,BFB,1000,0.147069,35.814621
10,1,5,50000,0,1000,3,2,5000,5,BFB,1000,0.158618,32.283916
10,1,5,50000,0,1000,3,2,500,5,BFB,1000,0.153355,34.032169
10,1,5,50000,0,1000,3,2,700,5,BFB,1000,0.152794,33.815452
10,1,5,5000,0,1000,1,2,1000,5,BFB,1000,0.013095,33.431064
10,1,5,5000,0,1000,1,2,100,5,BFB,1000,0.014141,35.891709
10,1,5,5000,0,1000,1,2,5000,5,BFB,1000,0.012536,32.702365
10,1,5,5000,0,1000,1,2,500,5,BFB,1000,0.013905,34.081666
10,1,5,5000,0,1000,1,2,700,5,BFB,1000,0.013603,33.76453
10,1,5,5000,0,1000,2,2,1000,5,BFB,1000,0.01381,33.253105
10,1,5,5000,0,1000,2,2,100,5,BFB,1000,0.014512,35.565371
10,1,5,5000,0,1000,2,2,5000,5,BFB,1000,0.01242,32.702365
10,1,5,5000,0,1000,2,2,500,5,BFB,1000,0.014137,34.095676
10,1,5,5000,0,1000,2,2,700,5,BFB,1000,0.014124,33.749288
10,1,5,5000,0,1000,3,2,1000,5,BFB,1000,0.013372,33.322642
10,1,5,5000,0,1000,3,2,100,5,BFB,1000,0.01418,35.589981
10,1,5,5000,0,1000,3,2,5000,5,BFB,1000,0.012303,32.702365
10,1,5,5000,0,1000,3,2,500,5,BFB,1000,0.013904,34.058091
10,1,5,5000,0,1000,3,2,700,5,BFB,1000,0.029773,33.513406
10,1,5,75000,0,1000,1,2,1000,5,BFB,1000,0.231375,33.340069
10,1,5,75000,0,1000,1,2,100,5,BFB,1000,0.219961,35.652678
10,1,5,75000,0,1000,1,2,5000,5,BFB,1000,0.242681,32.331041
10,1,5,75000,0,1000,1,2,500,5,BFB,1000,0.238364,33.987287
10,1,5,75000,0,1000,1,2,700,5,BFB,1000,0.231959,33.664601
10,1,5,75000,0,1000,2,2,1000,5,BFB,1000,0.232049,33.31788
10,1,5,75000,0,1000,2,2,100,5,BFB,1000,0.224025,35.768158
10,1,5,75000,0,1000,2,2,5000,5,BFB,1000,0.241503,32.257543
10,1,5,75000,0,1000,2,2,500,5,BFB,1000,0.230999,33.933495
10,1,5,75000,0,1000,2,2,700,5,BFB,1000,0.23271,33.775815
10,1,5,75000,0,1000,3,2,1000,5,BFB,1000,0.229098,33.569478
10,1,5,75000,0,1000,3,2,100,5,BFB,1000,0.219921,35.917979
10,1,5,75000,0,1000,3,2,5000,5,BFB,1000,0.238026,32.389087
10,1,5,75000,0,1000,3,2,500,5,BFB,1000,0.227257,34.055821
10,1,5,75000,0,1000,3,2,700,5,BFB,1000,0.234238,33.81178
10,1,10,100000,0,1000,NA,NA,NA,5,UCT,1000,0.306687,32.103511
10,1,10,10000,0,1000,NA,NA,NA,5,UCT,1000,0.024458,32.597314
10,1,10,1000,0,1000,NA,NA,NA,5,UCT,1000,0.001778,35.041154
10,1,10,15000,0,1000,NA,NA,NA,5,UCT,1000,0.038144,32.284041
10,1,10,25000,0,1000,NA,NA,NA,5,UCT,1000,0.06602,32.149043
10,1,10,50000,0,1000,NA,NA,NA,5,UCT,1000,0.142722,32.080327
10,1,10,5000,0,1000,NA,NA,NA,5,UCT,1000,0.01117,33.16922
10,1,10,75000,0,1000,NA,NA,NA,5,UCT,1000,0.223975,32.121884
10,1,15,100000,0,1000,NA,NA,NA,5,UCT,1000,0.299267,32.109712
10,1,15,10000,0,1000,NA,NA,NA,5,UCT,1000,0.022798,33.558326
10,1,15,1000,0,1000,NA,NA,NA,5,UCT,1000,0.001749,35.502707
10,1,15,15000,0,1000,NA,NA,NA,5,UCT,1000,0.036451,32.706086
10,1,15,25000,0,1000,NA,NA,NA,5,UCT,1000,0.063351,32.334484
10,1,15,50000,0,1000,NA,NA,NA,5,UCT,1000,0.137464,32.110398
10,1,15,5000,0,1000,NA,NA,NA,5,UCT,1000,0.010663,33.566373
10,1,15,75000,0,1000,NA,NA,NA,5,UCT,1000,0.218293,32.108268
10,1,5,100000,0,1000,NA,NA,NA,5,UCT,1000,0.32621,32.08193
10,1,5,10000,0,1000,NA,NA,NA,5,UCT,1000,0.025714,32.43107
10,1,5,1000,0,1000,NA,NA,NA,5,UCT,1000,0.001898,34.191292
10,1,5,15000,0,1000,NA,NA,NA,5,UCT,1000,0.040064,32.249994
10,1,5,25000,0,1000,NA,NA,NA,5,UCT,1000,0.070493,32.161031
10,1,5,50000,0,1000,NA,NA,NA,5,UCT,1000,0.152297,32.146516
10,1,5,5000,0,1000,NA,NA,NA,5,UCT,1000,0.011834,32.573821
10,1,5,75000,0,1000,NA,NA,NA,5,UCT,1000,0.241962,32.194913
